".ID.","K1","K2","K3","max_it","max_no_imp","builder","use_qrvnd","beta","alpha","gamma","epsilon",".PARENT.",".RANK.",".WEIGHT."
44,130,136,399,218,24,"MFFD",1,NA,0.2343,0.9488,0.4318,24,50.5,0.333333333333333
59,185,222,376,354,23,"MFFD",1,NA,0.8325,0.4846,0.7356,21,53,0.266666666666667
145,227,183,320,381,25,"MFFD",1,NA,0.8246,0.3419,0.7831,59,56,0.2
136,200,277,228,292,24,"MFFD",1,NA,0.6527,0.524,0.7079,59,60.5,0.133333333333333
101,141,38,491,334,21,"MFFD",1,NA,0.3029,0.9474,0.6179,44,61,0.0666666666666667
